job_id,class,user,partition,cores,gpus,submit,start,end,wait_min,runtime_h,energy_kwh,co2_kg,state,nodes
1,htc_short,dave,standard,4,0,2026-07-30T01:52:09.794645,2026-07-30T01:52:10.485460,2026-07-30T02:02:27.980603,0.0,0.172,0.01,0.001,COMPLETED,node001
2,htc_short,frank,standard,4,0,2026-07-30T01:53:08.120695,2026-07-30T01:53:09.659256,2026-07-30T02:13:37.021200,0.0,0.341,0.01,0.002,COMPLETED,node001
3,mpi_physics,grace,standard,512,0,2026-07-30T01:57:13.538565,2026-07-30T01:57:14.786534,2026-07-30T02:27:15.019410,0.0,0.5,2.4,0.359,COMPLETED,node[002-009]
4,mpi_physics,alice,standard,512,0,2026-07-30T02:04:01.218210,2026-07-30T02:04:01.943621,2026-07-30T02:34:02.614443,0.0,0.5,2.4,0.36,COMPLETED,node[010-017]
5,mpi_physics,alice,standard,128,0,2026-07-30T02:05:41.340384,2026-07-30T02:05:41.982646,2026-07-30T02:35:42.169164,0.0,0.5,0.6,0.09,COMPLETED,node[018-019]
6,mpi_physics,carol,standard,128,0,2026-07-30T02:06:26.469795,2026-07-30T02:06:27.081855,2026-07-30T02:36:27.322135,0.0,0.5,0.6,0.09,COMPLETED,node[020-021]
7,htc_short,alice,standard,8,0,2026-07-30T02:06:31.105068,2026-07-30T02:06:32.326083,2026-07-30T02:29:42.495897,0.0,0.386,0.03,0.004,COMPLETED,node001
8,htc_short,alice,standard,16,0,2026-07-30T02:09:44.460784,2026-07-30T02:09:45.075389,2026-07-30T02:39:45.225927,0.0,0.5,0.07,0.011,COMPLETED,node001
9,htc_short,dave,standard,8,0,2026-07-30T02:10:29.251218,2026-07-30T02:10:30.702710,2026-07-30T02:21:37.984441,0.0,0.185,0.01,0.002,COMPLETED,node001
10,ai_train_a100,carol,gpu,96,8,2026-07-30T02:15:33.654766,2026-07-30T02:15:33.996896,2026-07-30T02:45:34.261449,0.0,0.5,2.27,0.34,COMPLETED,gpua[10001-10002]
11,htc_short,alice,standard,8,0,2026-07-30T02:20:33.337124,2026-07-30T02:20:33.937388,2026-07-30T02:25:38.182267,0.0,0.085,0.01,0.001,COMPLETED,node001
12,ai_dev_gpu,grace,gpu,8,1,2026-07-30T02:21:49.278830,2026-07-30T02:21:50.611498,2026-07-30T02:28:43.855422,0.0,0.115,0.06,0.009,COMPLETED,gpua10003
13,mpi_physics,erin,standard,512,0,2026-07-30T02:31:27.096524,2026-07-30T02:31:28.138423,2026-07-30T03:01:28.712183,0.0,0.5,2.4,0.36,COMPLETED,node[002-009]
14,mpi_physics,carol,standard,128,0,2026-07-30T02:31:44.977780,2026-07-30T02:31:46.213136,2026-07-30T03:01:46.447711,0.0,0.5,0.6,0.09,COMPLETED,node[022-023]
15,htc_short,bob,standard,16,0,2026-07-30T02:37:29.401324,2026-07-30T02:37:30.634631,2026-07-30T03:07:30.850768,0.0,0.5,0.07,0.011,COMPLETED,node001
16,ai_train_a100,bob,gpu,96,8,2026-07-30T02:42:31.144657,2026-07-30T02:42:31.438643,2026-07-30T03:12:31.682157,0.0,0.5,2.27,0.34,COMPLETED,gpua[10003-10004]
17,mpi_physics,alice,standard,512,0,2026-07-30T02:44:51.361636,2026-07-30T02:44:52.033604,2026-07-30T03:03:41.278436,0.0,0.314,1.5,0.225,COMPLETED,node[010-017]
18,ai_dev_gpu,erin,gpu-h100,8,1,2026-07-30T02:46:19.342716,2026-07-30T02:46:20.618021,2026-07-30T03:12:38.855620,0.0,0.438,0.21,0.031,COMPLETED,gpuh10001
19,htc_short,alice,standard,1,0,2026-07-30T02:51:43.060222,2026-07-30T02:51:43.699411,2026-07-30T02:53:43.919196,0.0,0.033,0.0,0.0,COMPLETED,node001
20,htc_short,dave,standard,32,0,2026-07-30T02:57:45.638169,2026-07-30T02:57:46.249805,2026-07-30T03:27:46.559404,0.0,0.5,0.15,0.022,COMPLETED,node001
21,ai_train_a100,dave,gpu,48,4,2026-07-30T03:01:28.552386,2026-07-30T03:01:29.132163,2026-07-30T03:31:29.286006,0.0,0.5,1.13,0.17,COMPLETED,gpua10001
22,htc_short,bob,standard,8,0,2026-07-30T03:02:16.066544,2026-07-30T03:02:17.503695,2026-07-30T03:29:57.734465,0.0,0.461,0.03,0.005,COMPLETED,node001
23,ai_train_a100,alice,gpu,48,4,2026-07-30T03:02:31.135631,2026-07-30T03:02:32.384303,2026-07-30T03:32:32.588259,0.0,0.5,1.13,0.17,COMPLETED,gpua10002
24,mpi_physics,dave,standard,512,0,2026-07-30T03:02:51.472906,2026-07-30T03:02:53.249114,2026-07-30T03:32:53.441802,0.0,0.5,2.4,0.359,COMPLETED,node[002-009]
25,bigmem,alice,bigmem,16,0,2026-07-30T03:05:56.425949,2026-07-30T03:05:56.623647,2026-07-30T03:35:56.756667,0.0,0.5,0.07,0.011,COMPLETED,bigmem01
26,htc_short,carol,standard,4,0,2026-07-30T03:07:20.309270,2026-07-30T03:07:20.947419,2026-07-30T03:14:58.175276,0.0,0.127,0.0,0.001,COMPLETED,node001
27,ai_train_a100,alice,gpu,48,4,2026-07-30T03:08:17.411184,2026-07-30T03:08:18.826824,2026-07-30T03:38:19.016183,0.0,0.5,1.13,0.17,COMPLETED,gpua10005
28,ai_dev_gpu,alice,gpu-h100,8,1,2026-07-30T03:11:29.303116,2026-07-30T03:11:29.591013,2026-07-30T03:30:53.783356,0.0,0.323,0.15,0.023,COMPLETED,gpuh10001
29,ai_dev_gpu,carol,gpu,8,1,2026-07-30T03:12:02.792655,2026-07-30T03:12:04.592423,2026-07-30T03:20:21.869222,0.0,0.138,0.07,0.011,COMPLETED,gpua10006
30,mpi_capability,carol,standard,6144,0,2026-07-30T03:12:35.921906,2026-07-30T03:12:37.964443,2026-07-30T03:42:38.363048,0.0,0.5,28.76,4.314,COMPLETED,node[010-105]
31,mpi_physics,alice,standard,256,0,2026-07-30T03:26:31.436251,2026-07-30T03:26:32.090805,2026-07-30T03:56:32.285566,0.0,0.5,1.2,0.18,COMPLETED,node[106-109]
32,mpi_physics,alice,standard,128,0,2026-07-30T03:29:00.350913,2026-07-30T03:29:00.890685,2026-07-30T03:59:01.088575,0.0,0.5,0.6,0.09,COMPLETED,node[110-111]
33,htc_short,erin,standard,4,0,2026-07-30T03:34:39.491872,2026-07-30T03:34:40.109550,2026-07-30T03:43:21.311636,0.0,0.145,0.01,0.001,COMPLETED,node001
34,mpi_physics,alice,standard,1024,0,2026-07-30T03:35:26.954477,2026-07-30T03:35:28.097642,2026-07-30T04:05:28.403008,0.0,0.5,4.79,0.719,COMPLETED,node[112-127]
35,htc_short,erin,standard,1,0,2026-07-30T03:36:35.756419,2026-07-30T03:36:36.955923,2026-07-30T03:39:44.081594,0.0,0.052,0.0,0.0,COMPLETED,node001
36,bigmem,grace,bigmem,32,0,2026-07-30T03:37:19.568527,2026-07-30T03:37:19.730373,2026-07-30T04:07:19.996814,0.0,0.5,0.15,0.022,COMPLETED,bigmem01
37,mpi_physics,alice,standard,256,0,2026-07-30T03:43:43.340099,2026-07-30T03:43:44.993386,2026-07-30T04:13:45.253681,0.0,0.5,1.2,0.18,COMPLETED,node[128-131]
38,bigmem,erin,bigmem,64,0,2026-07-30T03:46:58.352175,2026-07-30T03:46:58.568311,2026-07-30T04:16:58.951527,0.0,0.5,0.3,0.045,COMPLETED,bigmem02
39,mpi_physics,alice,standard,512,0,2026-07-30T03:54:27.665210,2026-07-30T03:54:28.319764,2026-07-30T04:24:28.544807,0.0,0.5,2.4,0.359,COMPLETED,node[132-139]
40,hugemem,bob,hugemem,64,0,2026-07-30T03:55:25.306952,2026-07-30T03:55:26.663180,2026-07-30T04:25:27.029582,0.0,0.5,0.3,0.045,COMPLETED,hugemem01
41,mpi_physics,bob,standard,256,0,2026-07-30T03:57:56.435216,2026-07-30T03:57:57.632671,2026-07-30T04:27:57.828008,0.0,0.5,1.2,0.18,COMPLETED,node[001-004]
42,ai_train_a100,erin,gpu,48,4,2026-07-30T04:00:36.731336,2026-07-30T04:00:37.076539,2026-07-30T04:30:37.418357,0.0,0.5,1.13,0.17,COMPLETED,gpua10001
43,ai_dev_gpu,carol,gpu,8,1,2026-07-30T04:02:09.857266,2026-07-30T04:02:10.172763,2026-07-30T04:32:10.457242,0.0,0.5,0.27,0.04,COMPLETED,gpua10002
44,mpi_capability,alice,standard,4096,0,2026-07-30T04:20:30.863188,2026-07-30T04:20:31.936842,2026-07-30T04:50:32.325267,0.0,0.5,19.17,2.876,COMPLETED,node[005-068]
45,htc_short,alice,standard,16,0,2026-07-30T04:20:47.966193,2026-07-30T04:20:49.367492,2026-07-30T04:50:49.542398,0.0,0.5,0.07,0.011,COMPLETED,node140
46,mpi_physics,carol,standard,128,0,2026-07-30T04:21:08.822809,2026-07-30T04:21:10.112455,2026-07-30T04:51:10.376479,0.0,0.5,0.6,0.09,COMPLETED,node[141-142]
47,htc_short,bob,standard,32,0,2026-07-30T04:25:56.981326,2026-07-30T04:25:58.229998,2026-07-30T04:55:59.147240,0.0,0.5,0.15,0.022,COMPLETED,node140
48,mpi_physics,alice,standard,128,0,2026-07-30T04:26:08.774569,2026-07-30T04:26:10.004803,2026-07-30T04:56:10.211152,0.0,0.5,0.6,0.09,COMPLETED,node[069-070]
49,htc_short,alice,standard,16,0,2026-07-30T04:43:06.578669,2026-07-30T04:43:07.179382,2026-07-30T04:49:23.486449,0.0,0.105,0.02,0.002,COMPLETED,node001
50,ai_train_a100,bob,gpu,96,8,2026-07-30T04:53:56.693678,2026-07-30T04:53:58.373598,2026-07-30T05:23:58.730639,0.0,0.5,2.27,0.34,COMPLETED,gpua[10001-10002]
51,mpi_physics,frank,standard,256,0,2026-07-30T04:53:57.998689,2026-07-30T04:53:59.100281,2026-07-30T05:23:59.237688,0.0,0.5,1.2,0.18,COMPLETED,node[001-004]
52,hugemem,bob,hugemem,64,0,2026-07-30T04:57:27.446497,2026-07-30T04:57:28.598881,2026-07-30T05:27:28.925504,0.0,0.5,0.3,0.045,COMPLETED,hugemem01
53,htc_short,grace,standard,4,0,2026-07-30T04:58:24.344567,2026-07-30T04:58:25.040159,2026-07-30T05:28:25.319598,0.0,0.5,0.02,0.003,COMPLETED,node005
54,htc_short,alice,standard,32,0,2026-07-30T04:58:46.412771,2026-07-30T04:58:47.663492,2026-07-30T05:06:29.951604,0.0,0.128,0.04,0.006,COMPLETED,node005
55,htc_short,carol,standard,8,0,2026-07-30T05:00:37.124619,2026-07-30T05:00:37.816826,2026-07-30T05:30:38.121369,0.0,0.5,0.04,0.006,COMPLETED,node005
56,htc_short,dave,standard,8,0,2026-07-30T05:06:59.276451,2026-07-30T05:07:00.421665,2026-07-30T05:21:12.702304,0.0,0.237,0.02,0.003,COMPLETED,node005
57,ai_train_a100,bob,gpu,48,4,2026-07-30T05:09:14.878772,2026-07-30T05:09:15.164563,2026-07-30T05:39:24.190229,0.0,0.503,1.14,0.171,COMPLETED,gpua10003
58,htc_short,alice,standard,4,0,2026-07-30T05:16:33.674293,2026-07-30T05:16:34.343188,2026-07-30T05:27:33.650791,0.0,0.183,0.01,0.001,COMPLETED,node005
59,htc_short,alice,standard,8,0,2026-07-30T05:17:38.089374,2026-07-30T05:17:38.744648,2026-07-30T05:47:38.916665,0.0,0.5,0.04,0.006,COMPLETED,node005
60,ai_train_a100,alice,gpu,48,4,2026-07-30T05:20:30.353595,2026-07-30T05:20:30.701871,2026-07-30T05:50:30.847527,0.0,0.5,1.13,0.17,COMPLETED,gpua10004
61,mpi_physics,heidi,standard,128,0,2026-07-30T05:24:53.510371,2026-07-30T05:24:54.869672,2026-07-30T05:54:55.276286,0.0,0.5,0.6,0.09,COMPLETED,node[001-002]
62,ai_dev_gpu,alice,gpu-h100,8,1,2026-07-30T05:29:29.007003,2026-07-30T05:29:30.693069,2026-07-30T05:44:17.371339,0.0,0.246,0.12,0.018,COMPLETED,gpuh10001
63,ai_dev_gpu,erin,gpu-h100,8,1,2026-07-30T05:29:30.441081,2026-07-30T05:29:30.948130,2026-07-30T05:59:31.207239,0.0,0.5,0.24,0.036,COMPLETED,gpuh10001
64,htc_short,dave,standard,16,0,2026-07-30T05:29:32.757117,2026-07-30T05:29:36.152809,2026-07-30T05:41:03.412039,0.1,0.191,0.03,0.004,COMPLETED,node005
65,ai_train_a100,erin,gpu,48,4,2026-07-30T05:36:00.104665,2026-07-30T05:36:00.423235,2026-07-30T06:06:00.577861,0.0,0.5,1.13,0.17,COMPLETED,gpua10001
66,htc_short,alice,standard,4,0,2026-07-30T05:37:07.214395,2026-07-30T05:37:07.856657,2026-07-30T06:07:08.095279,0.0,0.5,0.02,0.003,COMPLETED,node005
67,ai_dev_gpu,frank,gpu,8,1,2026-07-30T05:43:32.712878,2026-07-30T05:43:33.064491,2026-07-30T06:03:37.441509,0.0,0.335,0.18,0.027,COMPLETED,gpua10002
68,bigmem,bob,bigmem,16,0,2026-07-30T05:43:49.168146,2026-07-30T05:43:50.353309,2026-07-30T06:13:50.677945,0.0,0.5,0.07,0.011,COMPLETED,bigmem01
69,htc_short,erin,standard,16,0,2026-07-30T05:44:01.537069,2026-07-30T05:44:02.980366,2026-07-30T06:14:03.442264,0.0,0.5,0.07,0.011,COMPLETED,node005
70,mpi_physics,bob,standard,128,0,2026-07-30T05:48:28.426160,2026-07-30T05:48:29.158564,2026-07-30T06:18:29.332966,0.0,0.5,0.6,0.09,COMPLETED,node[003-004]
71,ai_train_a100,dave,gpu,48,4,2026-07-30T05:50:26.644358,2026-07-30T05:50:26.962200,2026-07-30T06:20:27.167060,0.0,0.5,1.13,0.17,COMPLETED,gpua10003
72,mpi_physics,carol,standard,512,0,2026-07-30T05:51:23.533505,2026-07-30T05:51:25.138648,2026-07-30T06:21:25.363995,0.0,0.5,2.4,0.359,COMPLETED,node[006-013]
73,ai_train_a100,alice,gpu,48,4,2026-07-30T05:53:02.971451,2026-07-30T05:53:03.526637,2026-07-30T06:23:03.806281,0.0,0.5,1.13,0.17,COMPLETED,gpua10004
74,htc_short,bob,standard,32,0,2026-07-30T05:55:29.827323,2026-07-30T05:55:30.955123,2026-07-30T06:03:59.215935,0.0,0.141,0.04,0.006,COMPLETED,node005
75,bigmem,alice,bigmem,64,0,2026-07-30T05:56:05.866728,2026-07-30T05:56:07.840634,2026-07-30T06:26:08.395771,0.0,0.5,0.3,0.045,COMPLETED,bigmem02
76,mpi_physics,alice,standard,128,0,2026-07-30T06:12:23.884382,2026-07-30T06:12:24.656288,2026-07-30T06:42:25.379136,0.0,0.5,0.6,0.09,COMPLETED,node[001-002]
77,htc_short,bob,standard,4,0,2026-07-30T06:14:23.521405,2026-07-30T06:14:24.988262,2026-07-30T06:44:25.274205,0.0,0.5,0.02,0.003,COMPLETED,node005
78,mpi_physics,carol,standard,128,0,2026-07-30T06:14:32.314352,2026-07-30T06:14:33.857010,2026-07-30T06:44:34.154221,0.0,0.5,0.6,0.09,COMPLETED,node[014-015]
79,htc_short,dave,standard,16,0,2026-07-30T06:15:48.619595,2026-07-30T06:15:50.089525,2026-07-30T06:20:46.309953,0.0,0.082,0.01,0.002,COMPLETED,node005
80,htc_short,alice,standard,1,0,2026-07-30T06:16:35.464778,2026-07-30T06:16:36.130824,2026-07-30T06:33:42.446385,0.0,0.285,0.0,0.0,COMPLETED,node005
81,ai_dev_gpu,alice,gpu-h100,8,1,2026-07-30T06:16:48.605254,2026-07-30T06:16:50.218592,2026-07-30T06:29:22.396822,0.0,0.209,0.1,0.015,COMPLETED,gpuh10001
82,htc_short,dave,standard,16,0,2026-07-30T06:17:37.289130,2026-07-30T06:17:37.993997,2026-07-30T06:34:20.696319,0.0,0.279,0.04,0.006,COMPLETED,node005
83,mpi_physics,alice,standard,512,0,2026-07-30T06:23:36.161130,2026-07-30T06:23:37.834904,2026-07-30T06:53:38.186061,0.0,0.5,2.4,0.359,COMPLETED,node[006-013]
84,mpi_physics,grace,standard,1024,0,2026-07-30T06:25:09.881202,2026-07-30T06:25:10.622450,2026-07-30T06:55:10.961690,0.0,0.5,4.79,0.719,COMPLETED,node[016-031]
85,htc_short,alice,standard,4,0,2026-07-30T06:40:32.522021,2026-07-30T06:40:33.181993,2026-07-30T07:10:33.483293,0.0,0.5,0.02,0.003,COMPLETED,node005
86,htc_short,carol,standard,8,0,2026-07-30T06:59:18.493801,2026-07-30T06:59:19.190353,2026-07-30T07:02:09.398721,0.0,0.047,0.0,0.001,COMPLETED,node005
87,ai_train_a100,bob,gpu,48,4,2026-07-30T07:00:44.050896,2026-07-30T07:00:44.423133,2026-07-30T07:30:45.086649,0.0,0.5,1.13,0.17,COMPLETED,gpua10001
88,ai_dev_gpu,bob,gpu-h100,8,1,2026-07-30T07:06:47.415233,2026-07-30T07:06:47.687708,2026-07-30T07:36:47.888927,0.0,0.5,0.24,0.036,COMPLETED,gpuh10001
89,llm_h100nvl,dave,gpu-h100-nvl,96,4,2026-07-30T07:09:25.425023,2026-07-30T07:09:25.680084,2026-07-30T07:39:25.988859,0.0,0.5,1.31,0.196,COMPLETED,gpuh100nvl01
90,htc_short,bob,standard,4,0,2026-07-30T07:14:19.607692,2026-07-30T07:14:20.291952,2026-07-30T07:38:01.517566,0.0,0.395,0.01,0.002,COMPLETED,node001
91,ai_train_a100,bob,gpu,48,4,2026-07-30T07:52:41.199465,2026-07-30T07:52:41.574366,2026-07-30T08:22:41.928332,0.0,0.5,1.13,0.17,COMPLETED,gpua10001
92,ai_dev_gpu,carol,gpu,8,1,2026-07-30T07:54:42.617706,2026-07-30T07:54:42.948128,2026-07-30T08:07:07.290538,0.0,0.207,0.11,0.017,COMPLETED,gpua10002
93,htc_short,alice,standard,4,0,2026-07-30T07:56:17.726953,2026-07-30T07:56:18.398921,2026-07-30T08:09:30.674781,0.0,0.22,0.01,0.001,COMPLETED,node001
94,htc_short,carol,standard,4,0,2026-07-30T08:13:09.135057,2026-07-30T08:13:09.791660,2026-07-30T08:43:10.099714,0.0,0.5,0.02,0.003,COMPLETED,node001
95,mpi_physics,dave,standard,512,0,2026-07-30T08:29:20.972835,2026-07-30T08:29:22.490917,2026-07-30T08:59:22.868258,0.0,0.5,2.4,0.359,COMPLETED,node[002-009]
96,bigmem,bob,bigmem,64,0,2026-07-30T08:32:46.881351,2026-07-30T08:32:47.520540,2026-07-30T09:02:47.894296,0.0,0.5,0.3,0.045,COMPLETED,bigmem01
97,htc_short,bob,standard,8,0,2026-07-30T08:39:32.277795,2026-07-30T08:39:32.970322,2026-07-30T08:41:53.155282,0.0,0.039,0.0,0.0,COMPLETED,node001
98,htc_short,alice,standard,4,0,2026-07-30T08:51:09.631846,2026-07-30T08:51:10.343379,2026-07-30T09:21:10.700298,0.0,0.5,0.02,0.003,COMPLETED,node001
99,ai_train_a100,carol,gpu,48,4,2026-07-30T09:12:32.456254,2026-07-30T09:12:32.807603,2026-07-30T09:42:33.161449,0.0,0.5,1.13,0.17,COMPLETED,gpua10001
100,mpi_physics,dave,standard,128,0,2026-07-30T09:21:22.601097,2026-07-30T09:21:24.134536,2026-07-30T09:51:24.377545,0.0,0.5,0.6,0.09,COMPLETED,node[001-002]
101,mpi_physics,alice,standard,256,0,2026-07-30T09:32:59.560969,2026-07-30T09:33:00.274935,2026-07-30T10:03:00.496528,0.0,0.5,1.2,0.18,COMPLETED,node[003-006]
102,htc_short,bob,standard,32,0,2026-07-30T09:38:10.589061,2026-07-30T09:38:11.335678,2026-07-30T10:08:11.548052,0.0,0.5,0.15,0.022,COMPLETED,node007
103,mpi_physics,dave,standard,128,0,2026-07-30T09:41:56.243159,2026-07-30T09:41:57.190675,2026-07-30T10:11:57.583333,0.0,0.5,0.6,0.09,COMPLETED,node[008-009]
104,htc_short,bob,standard,4,0,2026-07-30T09:47:07.681884,2026-07-30T09:47:08.375363,2026-07-30T10:07:08.670901,0.0,0.333,0.01,0.002,COMPLETED,node007
105,mpi_physics,grace,standard,256,0,2026-07-30T09:50:11.651559,2026-07-30T09:50:12.351048,2026-07-30T10:20:12.621946,0.0,0.5,1.2,0.18,COMPLETED,node[010-013]
106,htc_short,alice,standard,32,0,2026-07-30T09:57:57.159224,2026-07-30T09:57:57.818724,2026-07-30T10:27:58.180828,0.0,0.5,0.15,0.022,COMPLETED,node001
107,mpi_physics,alice,standard,256,0,2026-07-30T09:59:38.304435,2026-07-30T09:59:39.012327,2026-07-30T10:29:39.253623,0.0,0.5,1.2,0.18,COMPLETED,node[014-017]
108,ai_train_a100,grace,gpu,48,4,2026-07-30T10:02:43.993027,2026-07-30T10:02:44.346225,2026-07-30T10:32:44.687082,0.0,0.5,1.13,0.17,COMPLETED,gpua10001
109,ai_train_a100,alice,gpu,48,4,2026-07-30T10:08:34.560907,2026-07-30T10:08:35.655928,2026-07-30T10:38:36.032797,0.0,0.5,1.13,0.17,COMPLETED,gpua10002
110,ai_dev_gpu,carol,gpu-h100,16,2,2026-07-30T10:21:56.976731,2026-07-30T10:21:57.228567,2026-07-30T10:50:51.590879,0.0,0.482,0.46,0.069,COMPLETED,gpuh10001
111,ai_train_a100,carol,gpu,96,8,2026-07-30T10:34:55.013020,2026-07-30T10:34:55.407063,2026-07-30T11:04:55.641061,0.0,0.5,2.27,0.34,COMPLETED,gpua[10003-10004]
112,ai_dev_gpu,bob,gpu-h100,8,1,2026-07-30T10:35:48.380881,2026-07-30T10:35:49.589604,2026-07-30T10:41:42.860385,0.0,0.098,0.05,0.007,COMPLETED,gpuh10002
113,htc_short,carol,standard,8,0,2026-07-30T11:03:28.404046,2026-07-30T11:03:29.163083,2026-07-30T11:07:12.402112,0.0,0.062,0.0,0.001,COMPLETED,node001
114,bigmem,bob,bigmem,64,0,2026-07-30T11:05:03.636046,2026-07-30T11:05:05.012761,2026-07-30T11:35:05.288957,0.0,0.5,0.3,0.045,COMPLETED,bigmem01
115,htc_short,carol,standard,1,0,2026-07-30T11:06:38.102863,2026-07-30T11:06:38.768885,2026-07-30T11:36:39.102244,0.0,0.5,0.0,0.001,COMPLETED,node001
116,htc_short,bob,standard,1,0,2026-07-30T11:09:47.288685,2026-07-30T11:09:47.963726,2026-07-30T11:29:28.218136,0.0,0.328,0.0,0.0,COMPLETED,node001
117,htc_short,alice,standard,4,0,2026-07-30T11:18:45.350663,2026-07-30T11:18:46.013412,2026-07-30T11:48:46.376477,0.0,0.5,0.02,0.003,COMPLETED,node001
118,htc_short,frank,standard,8,0,2026-07-30T11:23:34.493572,2026-07-30T11:23:35.204465,2026-07-30T11:53:35.561384,0.0,0.5,0.04,0.006,COMPLETED,node001
119,htc_short,grace,standard,8,0,2026-07-30T11:23:37.859558,2026-07-30T11:23:39.971750,2026-07-30T11:53:40.137117,0.0,0.5,0.04,0.006,COMPLETED,node001
120,htc_short,dave,standard,4,0,2026-07-30T11:35:16.113173,2026-07-30T11:35:17.549300,2026-07-30T12:05:18.218579,0.0,0.5,0.02,0.003,COMPLETED,node001
121,ai_train_a100,bob,gpu,48,4,2026-07-30T11:40:30.378056,2026-07-30T11:40:30.704821,2026-07-30T12:10:31.038532,0.0,0.5,1.13,0.17,COMPLETED,gpua10001
122,htc_short,alice,standard,1,0,2026-07-30T11:48:48.284825,2026-07-30T11:48:49.043862,2026-07-30T12:12:59.342687,0.0,0.403,0.0,0.001,COMPLETED,node001
123,ai_dev_gpu,alice,gpu-h100,16,2,2026-07-30T11:49:03.074267,2026-07-30T11:49:23.915518,2026-07-30T11:56:13.115342,0.3,0.114,0.11,0.016,COMPLETED,gpuh10001
124,htc_short,bob,standard,1,0,2026-07-30T11:59:04.457960,2026-07-30T11:59:05.192349,2026-07-30T12:29:05.510200,0.0,0.5,0.0,0.001,COMPLETED,node001
125,mpi_physics,dave,standard,512,0,2026-07-30T12:09:49.406831,2026-07-30T12:09:50.657176,2026-07-30T12:39:50.933405,0.0,0.5,2.4,0.359,COMPLETED,node[002-009]
126,mpi_physics,erin,standard,256,0,2026-07-30T12:19:50.870839,2026-07-30T12:19:51.590951,2026-07-30T12:49:51.944238,0.0,0.5,1.2,0.18,COMPLETED,node[010-013]
127,htc_short,carol,standard,32,0,2026-07-30T12:24:24.414052,2026-07-30T12:24:25.068606,2026-07-30T12:47:01.283831,0.0,0.377,0.11,0.017,COMPLETED,node001
128,bigmem,carol,bigmem,32,0,2026-07-30T12:37:18.263507,2026-07-30T12:37:18.506276,2026-07-30T13:07:18.836243,0.0,0.5,0.15,0.022,COMPLETED,bigmem01
129,htc_short,frank,standard,16,0,2026-07-30T12:40:38.759907,2026-07-30T12:40:40.208326,2026-07-30T12:45:10.430624,0.0,0.075,0.01,0.002,COMPLETED,node001
130,htc_short,alice,standard,4,0,2026-07-30T12:45:40.403879,2026-07-30T12:45:41.759083,2026-07-30T12:55:18.002364,0.0,0.16,0.01,0.001,COMPLETED,node001
131,htc_short,grace,standard,8,0,2026-07-30T12:48:22.385041,2026-07-30T12:48:23.918480,2026-07-30T13:18:24.356675,0.0,0.5,0.04,0.006,COMPLETED,node001
132,ai_dev_gpu,dave,gpu,8,1,2026-07-30T13:05:36.401393,2026-07-30T13:05:36.794740,2026-07-30T13:14:44.018781,0.0,0.152,0.08,0.012,COMPLETED,gpua10001
133,htc_short,dave,standard,8,0,2026-07-30T13:12:21.461534,2026-07-30T13:12:22.124676,2026-07-30T13:13:54.302369,0.0,0.026,0.0,0.0,COMPLETED,node001
134,mpi_physics,bob,standard,128,0,2026-07-30T13:19:24.261187,2026-07-30T13:19:25.469910,2026-07-30T13:49:28.670746,0.0,0.501,0.6,0.09,COMPLETED,node[001-002]
135,ai_dev_gpu,carol,gpu-h100,8,1,2026-07-30T13:22:29.321786,2026-07-30T13:22:29.942537,2026-07-30T13:52:30.456525,0.0,0.5,0.24,0.036,COMPLETED,gpuh10001
136,htc_short,dave,standard,1,0,2026-07-30T13:31:07.284136,2026-07-30T13:31:08.054441,2026-07-30T14:01:08.447557,0.0,0.5,0.0,0.001,COMPLETED,node003
137,htc_short,erin,standard,32,0,2026-07-30T13:31:47.033962,2026-07-30T13:31:48.125910,2026-07-30T13:36:47.346290,0.0,0.083,0.02,0.004,COMPLETED,node003
138,mpi_physics,bob,standard,128,0,2026-07-30T13:38:26.165534,2026-07-30T13:38:27.302553,2026-07-30T14:08:27.713851,0.0,0.5,0.6,0.09,COMPLETED,node[004-005]
139,htc_short,alice,standard,1,0,2026-07-30T13:42:48.867117,2026-07-30T13:42:49.509379,2026-07-30T13:46:59.741743,0.0,0.07,0.0,0.0,COMPLETED,node003
140,htc_short,bob,standard,4,0,2026-07-30T13:46:04.125035,2026-07-30T13:46:04.833287,2026-07-30T14:16:05.105867,0.0,0.5,0.02,0.003,COMPLETED,node003
