date,strategy,policy_code,evaluation_jobs,no_action,C_dynamic_baseline_carbon_kg,C_dynamic_policy_carbon_kg,C_dynamic_saving_kg,C_dynamic_saving_g_per_eval_job,C_dynamic_reduction_pct,C_dynamic_baseline_replay_range_pct,C_dynamic_inside_observed_baseline_range,C_dynamic_policy_repeats,C_dynamic_policy_repeat_range_pct,C_whole_baseline_carbon_kg,C_whole_policy_carbon_kg,C_whole_saving_kg,C_whole_saving_g_per_eval_job,C_whole_reduction_pct,C_whole_baseline_replay_range_pct,C_whole_inside_observed_baseline_range,C_whole_policy_repeats,C_whole_policy_repeat_range_pct,R_dynamic_baseline_carbon_kg,R_dynamic_policy_carbon_kg,R_dynamic_saving_kg,R_dynamic_saving_g_per_eval_job,R_dynamic_reduction_pct,R_dynamic_baseline_replay_range_pct,R_dynamic_inside_observed_baseline_range,R_dynamic_policy_repeats,R_dynamic_policy_repeat_range_pct,R_whole_baseline_carbon_kg,R_whole_policy_carbon_kg,R_whole_saving_kg,R_whole_saving_g_per_eval_job,R_whole_reduction_pct,R_whole_baseline_replay_range_pct,R_whole_inside_observed_baseline_range,R_whole_policy_repeats,R_whole_policy_repeat_range_pct,A_dynamic_baseline_carbon_kg,A_dynamic_policy_carbon_kg,A_dynamic_saving_kg,A_dynamic_saving_g_per_eval_job,A_dynamic_reduction_pct,A_dynamic_baseline_replay_range_pct,A_dynamic_inside_observed_baseline_range,A_dynamic_policy_repeats,A_dynamic_policy_repeat_range_pct,A_whole_baseline_carbon_kg,A_whole_policy_carbon_kg,A_whole_saving_kg,A_whole_saving_g_per_eval_job,A_whole_reduction_pct,A_whole_baseline_replay_range_pct,A_whole_inside_observed_baseline_range,A_whole_policy_repeats,A_whole_policy_repeat_range_pct
2025-11-13,b1_runtime_4h,B1,5806,False,79.04460068793247,77.95098646453829,1.0936142233941837,0.18835932197626312,1.383540702181247,0.007763703824110816,False,1,0.0,1814.6246006879328,1813.5309864645385,1.0936142233942974,0.1883593219762827,0.06026669223924899,0.0003381850264877678,False,1,0.0,289.18400816888413,291.27587100782586,-2.091862838941722,-0.3602932895180369,-0.7233673992512302,0.0012932602480634024,False,1,0.0,2024.764008168884,2026.855871007826,-2.0918628389420064,-0.36029328951808587,-0.10331390870750434,0.00018470803542683012,False,1,0.0,161.10640376295987,158.5754587855408,2.530944977419068,0.4359188731345277,1.5709772661445007,4.021506137936629,False,1,0.0,1896.68640376296,1894.1554587855408,2.530944977419267,0.435918873134562,0.1334403500967772,0.34159067640715146,False,1,0.0
2025-11-13,b2_q75_cap50,B2,5806,False,79.04460068793247,78.59641118590677,0.4481895020256985,0.07719419600855985,0.5670083701164454,0.007763703824110816,False,1,0.0,1814.6246006879328,1814.1764111859063,0.4481895020264801,0.07719419600869447,0.024698744955654703,0.0003381850264877678,False,1,0.0,289.18400816888413,289.9153028336272,-0.7312946647430749,-0.12595498876043315,-0.2528821249050525,0.0012932602480634024,False,1,0.0,2024.764008168884,2025.4953028336272,-0.7312946647432454,-0.12595498876046252,-0.03611752588414485,0.00018470803542683012,False,1,0.0,161.10640376295987,161.81324504578333,-0.7068412828234614,-0.12174324540534988,-0.43874189126799434,4.021506137936629,True,1,0.0,1896.68640376296,1897.3932450457835,-0.7068412828234614,-0.12174324540534988,-0.03726716664500324,0.34159067640715146,True,1,0.0
2025-11-13,adaptive_balanced,AD,5806,False,79.04460068793247,78.46729776984877,0.5773029180837028,0.0994321250574755,0.7303508564271084,0.007763703824110816,False,2,0.0033051119829536086,1814.6246006879328,1814.0472977698487,0.5773029180841149,0.09943212505754649,0.03181390343023326,0.0003381850264877678,False,2,0.00014396986398149795,289.18400816888413,290.07746942721315,-0.8934612583290118,-0.15388585227850704,-0.308959428284578,0.0012932602480634024,False,2,0.000651620978189599,2024.764008168884,2025.657469427213,-0.8934612583291255,-0.1538858522785266,-0.04412668610882393,0.00018470803542683012,False,2,9.306682928243957e-05,161.10640376295987,156.87082285733456,4.235580905625312,0.7295178962496232,2.629058067646544,4.021506137936629,False,2,0.7459285376406968,1896.68640376296,1892.450822857335,4.235580905625056,0.7295178962495791,0.22331477134131456,0.34159067640715146,False,2,0.06335990173442403
2025-11-13,time_hybrid_08_18,HY,5806,False,79.04460068793247,78.41765952602674,0.6269411619057337,0.10798159867477328,0.7931486229918384,0.007763703824110816,False,1,0.0,1814.6246006879328,1813.9976595260268,0.626941161905961,0.10798159867481244,0.034549358675523556,0.0003381850264877678,False,1,0.0,289.18400816888413,290.03602661990357,-0.8520184510194326,-0.1467479247363818,-0.2946284811578695,0.0012932602480634024,False,1,0.0,2024.764008168884,2025.6160266199036,-0.8520184510196032,-0.14674792473641116,-0.04207988919114256,0.00018470803542683012,False,1,0.0,161.10640376295987,162.68594646253754,-1.5795426995776722,-0.27205351353387397,-0.9804344598875755,4.021506137936629,True,1,0.0,1896.68640376296,1898.2659464625376,-1.579542699577587,-0.27205351353385926,-0.08327906481766459,0.34159067640715146,True,1,0.0
2025-11-13,history_only,HI,5806,False,79.04460068793247,78.82688137087078,0.21771931706169312,0.03749902119560681,0.275438569069692,0.007763703824110816,False,1,0.0,1814.6246006879328,1814.406881370871,0.21771931706189207,0.03749902119564107,0.011998036231810902,0.0003381850264877678,False,1,0.0,289.18400816888413,289.9756153819252,-0.7916072130410612,-0.13634295780934572,-0.2737382395567188,0.0012932602480634024,False,1,0.0,2024.764008168884,2025.5556153819252,-0.7916072130412886,-0.13634295780938488,-0.039096270471401094,0.00018470803542683012,False,1,0.0,161.10640376295987,163.93137547217526,-2.82497170921539,-0.48656074908980196,-1.7534819493406644,4.021506137936629,True,1,0.0,1896.68640376296,1899.5113754721751,-2.824971709215106,-0.486560749089753,-0.14894247692240847,0.34159067640715146,True,1,0.0
2025-11-13,dynamic_forecast_balanced_oracle,OR,5806,True,79.04460068793247,79.04652813874766,-0.001927450815188081,-0.0003319756829466209,-0.0024384345020574435,0.007763703824110816,True,1,0.0,1814.6246006879328,1814.6265281387475,-0.0019274508147191227,-0.00033197568286584957,-0.00010621760632961864,0.0003381850264877678,True,1,0.0,289.18400816888413,289.1792864186457,0.004721750238445566,0.0008132535718989951,0.0016327840077823572,0.0012932602480634024,False,1,0.0,2024.764008168884,2024.7592864186456,0.004721750238331879,0.0008132535718794142,0.00023320002821474695,0.00018470803542683012,False,1,0.0,161.10640376295987,162.62582513656105,-1.5194213736011761,-0.261698479779741,-0.9431166844470944,4.021506137936629,True,1,0.0,1896.68640376296,1898.205825136561,-1.5194213736010624,-0.2616984797797214,-0.08010925636344433,0.34159067640715146,True,1,0.0
2025-11-13,low_impact_dynamic_q25,LI,5806,False,79.04460068793247,79.03018048732677,0.014420200605698597,0.00248367216770558,0.018243119049496433,0.007763703824110816,False,1,0.0,1814.6246006879328,1814.610180487327,0.014420200605854916,0.002483672167732504,0.0007946657727657913,0.0003381850264877678,False,1,0.0,289.18400816888413,289.2273282925639,-0.04332012367979132,-0.007461268287942012,-0.014980124230967942,0.0012932602480634024,False,1,0.0,2024.764008168884,2024.807328292564,-0.04332012368013238,-0.007461268288000755,-0.002139514704200485,0.00018470803542683012,False,1,0.0,161.10640376295987,161.7159570439568,-0.60955328099692,-0.10498678625506716,-0.3783544705608176,4.021506137936629,True,1,0.0,1896.68640376296,1897.2959570439568,-0.6095532809968063,-0.10498678625504758,-0.03213779989077128,0.34159067640715146,True,1,0.0
2025-11-15,b1_runtime_4h,B1,1629,False,70.29311078350656,70.22772762098383,0.06538316252273546,0.040136993568284506,0.09301503631573073,0.008444073604276958,False,1,0.0,2250.3731107835065,2250.307727620984,0.0653831625222665,0.040136993567996625,0.0029054365344554894,0.0002637607952399649,False,1,0.0,351.6586145969761,351.80341957262544,-0.14480497564932193,-0.08889194330836214,-0.0411777131680047,0.0026876577721524774,False,1,0.0,2531.738614596976,2531.883419572626,-0.14480497565000405,-0.08889194330878088,-0.005719586327558359,0.00037331579304186735,False,1,0.0,108.83656947314552,111.01078835115838,-2.1742188780128657,-1.3346954438384688,-1.9976914823186662,1.058950859578579,False,1,0.0,2288.9165694731455,2291.090788351158,-2.1742188780126526,-1.334695443838338,-0.09498899641034564,0.05035245947113596,False,1,0.0
2025-11-15,b2_q75_cap50,B2,1629,True,70.29311078350656,70.27911056520887,0.01400021829769571,0.008594363595884414,0.01991691382220161,0.008444073604276958,False,1,0.0,2250.3731107835065,2250.3591105652085,0.014000218297951506,0.008594363596041439,0.0006221287585984835,0.0002637607952399649,False,1,0.0,351.6586145969761,351.67933933562523,-0.02072473864910762,-0.012722368722595224,-0.0058934255521820595,0.0026876577721524774,False,1,0.0,2531.738614596976,2531.759339335625,-0.02072473864927815,-0.012722368722699908,-0.0008185970909393147,0.00037331579304186735,False,1,0.0,108.83656947314552,109.94889867771644,-1.1123292045709263,-0.6828294687359892,-1.022017884205165,1.058950859578579,False,1,0.0,2288.9165694731455,2290.028898677717,-1.1123292045713242,-0.6828294687362334,-0.04859631929823271,0.05035245947113596,False,1,0.0
2025-11-15,adaptive_balanced,AD,1629,False,70.29311078350656,70.29174997525064,0.0013608082559244394,0.000835364184115678,0.001935905582718551,0.008444073604276958,True,2,0.01664308869262573,2250.3731107835065,2250.37174997525,0.0013608082563223434,0.0008353641843599407,6.047033933179882e-05,0.0002637607952399649,True,2,0.0005198668930422459,351.6586145969761,351.6909126728148,-0.03229807583869615,-0.019826934216510834,-0.009184497264687192,0.0026876577721524774,False,2,0.003321280353637939,2531.738614596976,2531.770912672815,-0.03229807583920774,-0.019826934216824885,-0.0012757271091490315,0.00037331579304186735,False,2,0.00046132599991167446,108.83656947314552,108.96373244302083,-0.1271629698753145,-0.07806198273499969,-0.116838458333337,1.058950859578579,True,2,0.6042530167098268,2288.9165694731455,2289.043732443021,-0.12716296987537135,-0.07806198273503459,-0.005555596546039302,0.05035245947113596,True,2,0.028731857818498067
2025-11-15,time_hybrid_08_18,HY,1629,False,70.29311078350656,70.23177623715961,0.061334546346955676,0.037651655216056276,0.08725541616141862,0.008444073604276958,False,1,0.0,2250.3731107835065,2250.3117762371594,0.061334546347097785,0.03765165521614351,0.002725527871497856,0.0002637607952399649,False,1,0.0,351.6586145969761,351.79138004992217,-0.13276545294604603,-0.08150119886190671,-0.037754073819065675,0.0026876577721524774,False,1,0.0,2531.738614596976,2531.871380049922,-0.13276545294638709,-0.08150119886211607,-0.005244042658310595,0.00037331579304186735,False,1,0.0,108.83656947314552,110.21130559583264,-1.3747361226871249,-0.8439141330184928,-1.2631196750705462,1.058950859578579,False,1,0.0,2288.9165694731455,2290.2913055958325,-1.3747361226869543,-0.8439141330183881,-0.06006056057357242,0.05035245947113596,False,1,0.0
2025-11-15,history_only,HI,1629,True,70.29311078350656,70.28590386449989,0.007206919006677026,0.004424136897898727,0.010252667617561242,0.008444073604276958,False,1,0.0,2250.3731107835065,2250.3659038645,0.007206919006421231,0.004424136897741701,0.00032025440456458427,0.0002637607952399649,False,1,0.0,351.6586145969761,351.70122225112766,-0.042607654151538554,-0.026155711572460747,-0.012116198034952086,0.0026876577721524774,False,1,0.0,2531.738614596976,2531.7812222511275,-0.04260765415165224,-0.026155711572530535,-0.001682940486272707,0.00037331579304186735,False,1,0.0,108.83656947314552,110.00507246774308,-1.16850299459756,-0.7173130721900307,-1.073630857949706,1.058950859578579,False,1,0.0,2288.9165694731455,2290.085072467743,-1.1685029945974748,-0.7173130721899784,-0.05105048432876855,0.05035245947113596,False,1,0.0
2025-11-15,dynamic_forecast_balanced_oracle,OR,1629,True,70.29311078350656,70.29233922297975,0.0007715605268145964,0.0004736405935019008,0.0010976332078841983,0.008444073604276958,True,1,0.0,2250.3731107835065,2250.3723392229795,0.0007715605270277592,0.0004736405936327558,3.428589345164754e-05,0.0002637607952399649,True,1,0.0,351.6586145969761,351.65208786804544,0.006526728930680292,0.004006586206679124,0.0018559843722754674,0.0026876577721524774,False,1,0.0,2531.738614596976,2531.7320878680453,0.006526728930566605,0.004006586206609334,0.00025779631802967884,0.00037331579304186735,False,1,0.0,108.83656947314552,110.18754769921244,-1.3509782260669283,-0.829329788868587,-1.241290710104815,1.058950859578579,False,1,0.0,2288.9165694731455,2290.2675476992126,-1.3509782260671273,-0.8293297888687092,-0.059022606768847435,0.05035245947113596,False,1,0.0
2025-11-15,low_impact_dynamic_q25,LI,1629,True,70.29311078350656,70.29352344353609,-0.0004126600295251137,-0.00025332107398717845,-0.0005870561494938697,0.008444073604276958,True,1,0.0,2250.3731107835065,2250.373523443536,-0.0004126600297240657,-0.0002533210741093098,-1.8337404928393893e-05,0.0002637607952399649,True,1,0.0,351.6586145969761,351.6563249283225,0.002289668653645549,0.001405567006535021,0.0006511055206964458,0.0026876577721524774,True,1,0.0,2531.738614596976,2531.7363249283226,0.002289668653247645,0.0014055670062907582,9.043858793503984e-05,0.00037331579304186735,True,1,0.0,108.83656947314552,109.34041761020566,-0.503848137060146,-0.3092990405525758,-0.46294011240814253,1.058950859578579,True,1,0.0,2288.9165694731455,2289.4204176102057,-0.5038481370602312,-0.30929904055262814,-0.02201251647962884,0.05035245947113596,True,1,0.0
2025-11-18,b1_runtime_4h,B1,5646,False,108.41631589950028,107.81635827376584,0.599957625734433,0.10626242042763602,0.5533831515641812,0.027612161428754514,False,1,0.0,3029.0963158995005,3028.496358273766,0.5999576257345325,0.10626242042765364,0.01980648890513648,0.0009882844597490696,False,1,0.0,651.0760192365076,651.6143971994827,-0.5383779629751189,-0.09535564345999271,-0.08269049190391846,0.036436471363975015,False,1,0.0,3571.756019236508,3572.294397199483,-0.5383779629746641,-0.09535564345991217,-0.01507320097103796,0.006641806607986853,False,1,0.0,265.9747460454506,264.03214414854006,1.9426018969105598,0.3440669317942897,0.7303708061736816,1.2195930896327871,False,1,0.0,3186.654746045451,3184.71214414854,1.9426018969106735,0.34406693179430986,0.06096053861251797,0.10179356979175308,False,1,0.0
2025-11-18,b2_q75_cap50,B2,5646,False,108.41631589950028,108.444081702354,-0.027765802853721766,-0.004917783006326916,-0.025610354514776265,0.027612161428754514,False,1,0.0,3029.0963158995005,3029.1240817023536,-0.027765802853082278,-0.004917783006213651,-0.0009166365132512179,0.0009882844597490696,False,1,0.0,651.0760192365076,651.1473665299156,-0.07134729340805279,-0.012636785938372794,-0.010958366043295387,0.036436471363975015,False,1,0.0,3571.756019236508,3571.8273665299157,-0.07134729340759804,-0.01263678593829225,-0.0019975410700882393,0.006641806607986853,False,1,0.0,265.9747460454506,267.8119357276824,-1.8371896822317808,-0.3253966847736062,-0.6907383913500705,1.2195930896327871,True,1,0.0,3186.654746045451,3188.491935727682,-1.837189682231383,-0.3253966847735358,-0.057652611551699595,0.10179356979175308,True,1,0.0
2025-11-18,adaptive_balanced,AD,5646,False,108.41631589950028,108.23248345001781,0.18383244948246613,0.032559767885665274,0.16956160883835517,0.027612161428754514,False,2,0.04007477427483952,3029.0963158995005,3028.912483450018,0.18383244948245192,0.032559767885662755,0.006068887559551313,0.0009882844597490696,False,2,0.001434341775306769,651.0760192365076,651.0687492708719,0.00726996563571447,0.001287631178837136,0.0011166078032239133,0.036436471363975015,True,2,0.012997490322318676,3571.756019236508,3571.748749270872,0.007269965636169218,0.0012876311789176793,0.00020354037613474034,0.006641806607986853,True,2,0.0023692419676983644,265.9747460454506,269.42592203050594,-3.451175985055329,-0.6112603586707986,-1.2975577705657744,1.2195930896327871,False,2,1.820463915698179,3186.654746045451,3190.105922030506,-3.4511759850552153,-0.6112603586707784,-0.10830090675301515,0.10179356979175308,False,2,0.15194536787005408
2025-11-18,time_hybrid_08_18,HY,5646,False,108.41631589950028,108.22572112447766,0.19059477502261757,0.03375748760584796,0.1757989777104168,0.027612161428754514,False,1,0.0,3029.0963158995005,3028.905721124478,0.19059477502241862,0.03375748760581272,0.0062921332023019826,0.0009882844597490696,False,1,0.0,651.0760192365076,650.9524296303624,0.123589606145174,0.021889763752244776,0.01898236188918506,0.036436471363975015,True,1,0.0,3571.756019236508,3571.632429630363,0.12358960614528769,0.02188976375226491,0.0034601917230535242,0.006641806607986853,True,1,0.0,265.9747460454506,269.677242120507,-3.702496075056388,-0.655773304119091,-1.3920479782782436,1.2195930896327871,False,1,0.0,3186.654746045451,3190.357242120507,-3.702496075056388,-0.655773304119091,-0.11618754995818363,0.10179356979175308,False,1,0.0
2025-11-18,history_only,HI,5646,False,108.41631589950028,108.15413929611552,0.26217660338475923,0.046435813564427775,0.2418239369319574,0.027612161428754514,False,1,0.0,3029.0963158995005,3028.8341392961156,0.26217660338488713,0.04643581356445043,0.008655274578386355,0.0009882844597490696,False,1,0.0,651.0760192365076,651.0512164007981,0.0248028357094654,0.004392992509646723,0.0038095145538535966,0.036436471363975015,True,1,0.0,3571.756019236508,3571.7312164007985,0.024802835709579085,0.004392992509666859,0.0006944157320936186,0.006641806607986853,True,1,0.0,265.9747460454506,268.51695369404564,-2.5422076485950242,-0.4502670295067347,-0.9558079052214241,1.2195930896327871,False,1,0.0,3186.654746045451,3189.196953694046,-2.5422076485951948,-0.45026702950676495,-0.07977668907339282,0.10179356979175308,False,1,0.0
2025-11-18,dynamic_forecast_balanced_oracle,OR,5646,True,108.41631589950028,108.43688189925253,-0.020565999752250264,-0.003642578772980918,-0.018969469292163116,0.027612161428754514,True,1,0.0,3029.0963158995005,3029.116881899253,-0.020565999752307107,-0.003642578772990986,-0.0006789483597585759,0.0009882844597490696,True,1,0.0,651.0760192365076,651.1134160555071,-0.03739681899946845,-0.006623595288605818,-0.005743848321018227,0.036436471363975015,False,1,0.0,3571.756019236508,3571.7934160555074,-0.03739681899924108,-0.006623595288565547,-0.0010470149360099616,0.006641806607986853,False,1,0.0,265.9747460454506,267.74692120790155,-1.7721751624509352,-0.31388153780569167,-0.6662945218671626,1.2195930896327871,True,1,0.0,3186.654746045451,3188.4269212079016,-1.7721751624508215,-0.3138815378056715,-0.05561239932408872,0.10179356979175308,True,1,0.0
2025-11-18,low_impact_dynamic_q25,LI,5646,False,108.41631589950028,108.39943767935137,0.016878220148910827,0.0029894119994528564,0.015567970566862458,0.027612161428754514,False,1,0.0,3029.0963158995005,3029.079437679351,0.01687822014946505,0.0029894119995510188,0.0005572031520051882,0.0009882844597490696,False,1,0.0,651.0760192365076,651.0062875037504,0.06973173275719091,0.012350643421394069,0.010710229020408815,0.036436471363975015,True,1,0.0,3571.756019236508,3571.686287503751,0.06973173275719091,0.012350643421394069,0.0019523095189490753,0.006641806607986853,True,1,0.0,265.9747460454506,271.0816521837834,-5.106906138332761,-0.9045175590387462,-1.9200718166904749,1.2195930896327871,False,1,0.0,3186.654746045451,3191.7616521837836,-5.106906138332761,-0.9045175590387462,-0.1602591603207184,0.10179356979175308,False,1,0.0
2025-12-09,b1_runtime_4h,B1,3113,False,99.34233388119618,99.12330208570546,0.2190317954907215,0.07036035833302971,0.22048182978332512,0.1926614963200412,False,1,0.0,2050.7323338811957,2050.5133020857056,0.219031795490082,0.07036035833282428,0.01068066231128002,0.009332979432411707,False,1,0.0,364.13626656253786,366.422335779672,-2.286069217134127,-0.7343620999467161,-0.6278059690990737,0.3078368591809635,False,1,0.0,2315.526266562538,2317.812335779672,-2.2860692171343544,-0.734362099946789,-0.09872784645747451,0.048409973245036195,False,1,0.0,228.67067215297328,231.03265813782457,-2.3619859848512874,-0.7587491117414993,-1.0329203839796277,4.716406821965076,True,1,0.0,2180.0606721529734,2182.422658137825,-2.3619859848513443,-0.7587491117415176,-0.10834496557927013,0.4947127994655863,True,1,0.0
2025-12-09,b2_q75_cap50,B2,3113,True,99.34233388119618,99.24112478936388,0.10120909183230253,0.03251175452370785,0.10187911626209509,0.1926614963200412,True,1,0.0,2050.7323338811957,2050.6311247893636,0.10120909183206095,0.03251175452363025,0.004935265815042455,0.009332979432411707,True,1,0.0,364.13626656253786,363.44647008666726,0.6897964758705939,0.22158576160314614,0.189433610220235,0.3078368591809635,True,1,0.0,2315.526266562538,2314.8364700866673,0.6897964758704802,0.2215857616031096,0.02979005186991474,0.048409973245036195,True,1,0.0,228.67067215297328,226.033294558126,2.637377594847294,0.8472141326203964,1.1533519231023093,4.716406821965076,True,1,0.0,2180.0606721529734,2177.4232945581257,2.6373775948477487,0.8472141326205425,0.12097725666704223,0.4947127994655863,True,1,0.0
2025-12-09,adaptive_balanced,AD,3113,False,99.34233388119618,98.95437646190234,0.38795741929384064,0.1246249339202829,0.3905257750012197,0.1926614963200412,False,2,0.2748850649846274,2050.7323338811957,2050.3443764619024,0.38795741929334326,0.12462493392012312,0.018917993971407223,0.009332979432411707,False,2,0.013316083944002194,364.13626656253786,364.17811573176954,-0.041849169231682026,-0.013443356643649864,-0.011492722113822938,0.3078368591809635,True,2,0.1846498324979695,2315.526266562538,2315.5681157317695,-0.041849169231682026,-0.013443356643649864,-0.0018073286334949793,0.048409973245036195,True,2,0.029037761997440716,228.67067215297328,230.8684370813818,-2.1977649284085317,-0.7059958009664413,-0.9611048534191993,4.716406821965076,True,2,0.059451509714601045,2180.0606721529734,2182.258437081382,-2.19776492840856,-0.7059958009664504,-0.10081209924483901,0.4947127994655863,True,2,0.006235980888359162
2025-12-09,time_hybrid_08_18,HY,3113,False,99.34233388119618,99.16108985810205,0.18124402309413767,0.05822165855899058,0.1824438947759049,0.1926614963200412,False,1,0.0,2050.7323338811957,2050.551089858102,0.1812440230937682,0.05822165855887189,0.008838014600898576,0.009332979432411707,False,1,0.0,364.13626656253786,364.19298383816806,-0.05671727563020568,-0.0182194910472874,-0.015575838178827729,0.3078368591809635,True,1,0.0,2315.526266562538,2315.582983838168,-0.05671727563003515,-0.01821949104723262,-0.002449433480805791,0.048409973245036195,True,1,0.0,228.67067215297328,228.105117886692,0.565554266281282,0.1816749971992554,0.24732260633009576,4.716406821965076,True,1,0.0,2180.0606721529734,2179.495117886692,0.5655542662816515,0.18167499719937408,0.025942134249095198,0.4947127994655863,True,1,0.0
2025-12-09,history_only,HI,3113,False,99.34233388119618,99.05834811069606,0.28398577050012364,0.09122575345330024,0.285865813098113,0.1926614963200412,False,1,0.0,2050.7323338811957,2050.448348110696,0.2839857704998394,0.09122575345320894,0.013848017403732586,0.009332979432411707,False,1,0.0,364.13626656253786,363.9272370525527,0.20902950998515735,0.06714728878418161,0.05740419979542411,0.3078368591809635,True,1,0.0,2315.526266562538,2315.3172370525526,0.20902950998515735,0.06714728878418161,0.009027300316289108,0.048409973245036195,True,1,0.0,228.67067215297328,232.63154789215275,-3.960875739179471,-1.2723661224476297,-1.7321310607465104,4.716406821965076,True,1,0.0,2180.0606721529734,2184.0215478921527,-3.9608757391793006,-1.2723661224475749,-0.18168649110428833,0.4947127994655863,True,1,0.0
2025-12-09,dynamic_forecast_balanced_oracle,OR,3113,True,99.34233388119618,99.45532937461144,-0.11299549341525505,-0.03629794199012369,-0.11374354618081223,0.1926614963200412,False,1,0.0,2050.7323338811957,2050.8453293746115,-0.1129954934158377,-0.036297941990310854,-0.005510006915528735,0.009332979432411707,False,1,0.0,364.13626656253786,364.0963485664235,0.03991799611435454,0.012822999073033902,0.010962378587329999,0.3078368591809635,True,1,0.0,2315.526266562538,2315.4863485664237,0.03991799611412716,0.012822999072960861,0.001723927587890701,0.048409973245036195,True,1,0.0,228.67067215297328,229.78329978165775,-1.1126276286844643,-0.3574133082828347,-0.48656332629317345,4.716406821965076,True,1,0.0,2180.0606721529734,2181.1732997816575,-1.1126276286840948,-0.35741330828271595,-0.0510365442070606,0.4947127994655863,True,1,0.0
2025-12-09,low_impact_dynamic_q25,LI,3113,True,99.34233388119618,99.30957395530496,0.032759925891227226,0.010523586858730236,0.03297680315262668,0.1926614963200412,True,1,0.0,2050.7323338811957,2050.699573955305,0.03275992589078669,0.01052358685858872,0.0015974744899440669,0.009332979432411707,True,1,0.0,364.13626656253786,363.8501038391962,0.28616272334164705,0.09192506371398877,0.07858671316730838,0.3078368591809635,True,1,0.0,2315.526266562538,2315.2401038391963,0.2861627233414765,0.091925063713934,0.012358431319645228,0.048409973245036195,True,1,0.0,228.67067215297328,225.81639208918185,2.8542800637914354,0.9168904798559059,1.2482055686975084,4.716406821965076,True,1,0.0,2180.0606721529734,2177.206392089182,2.8542800637915207,0.9168904798559334,0.13092663430200338,0.4947127994655863,True,1,0.0
2025-12-10,b1_runtime_4h,B1,3210,False,125.1411324824121,128.448185891456,-3.3070534090439025,-1.0302347068672593,-2.642659007028477,1.6153292724652453,False,1,0.0,2575.631132482412,2578.938185891456,-3.307053409044329,-1.0302347068673923,-0.1283977883066263,0.07848334023413721,False,1,0.0,485.2240071398824,509.192050930068,-23.96804379018556,-7.466680308469022,-4.939583251756947,0.8875582010370847,False,1,0.0,2935.7140071398826,2959.682050930068,-23.96804379018522,-7.4666803084689155,-0.8164297929530292,0.14669839971798593,False,1,0.0,217.9254568651151,220.24331815195112,-2.3178612868360062,-0.7220751672386312,-1.0636028117957077,0.22260915797040767,False,1,0.0,2668.415456865115,2670.7333181519507,-2.317861286835523,-0.7220751672384808,-0.08686283392911286,0.01818015344207139,False,1,0.0
2025-12-10,b2_q75_cap50,B2,3210,True,125.1411324824121,126.82903857607296,-1.6879060936608568,-0.525827443508055,-1.3488019967360314,1.6153292724652453,True,1,0.0,2575.631132482412,2577.3190385760727,-1.6879060936607857,-0.5258274435080329,-0.065533688903425,0.07848334023413721,True,1,0.0,485.2240071398824,486.9921650949965,-1.7681579551140771,-0.550828023400024,-0.3644003448090616,0.8875582010370847,True,1,0.0,2935.7140071398826,2937.482165094996,-1.7681579551135655,-0.5508280233998647,-0.060229230463637436,0.14669839971798593,True,1,0.0,217.9254568651151,219.68672352827545,-1.7612666631603417,-0.548681203476742,-0.8081968433134809,0.22260915797040767,False,1,0.0,2668.415456865115,2670.176723528276,-1.761266663160768,-0.5486812034768748,-0.06600421454723261,0.01818015344207139,False,1,0.0
2025-12-10,adaptive_balanced,AD,3210,False,125.1411324824121,126.35245536649975,-1.2113228840876502,-0.37735915392138636,-0.9679654163733056,1.6153292724652453,True,2,0.4643002510385014,2575.631132482412,2576.8424553664995,-1.2113228840876218,-0.3773591539213775,-0.047030138314881294,0.07848334023413721,True,2,0.022558765692068952,485.2240071398824,486.8734972492555,-1.6494901093730618,-0.5138598471567171,-0.3399440433905695,0.8875582010370847,True,2,0.46916091076089855,2935.7140071398826,2937.3634972492555,-1.6494901093728913,-0.513859847156664,-0.056187016356538964,0.14669839971798593,True,2,0.07754438496361692,217.9254568651151,219.34087835798044,-1.4154214928653346,-0.4409412750359298,-0.6494980041461651,0.22260915797040767,False,2,0.5322224994549686,2668.415456865115,2669.8308783579805,-1.4154214928653346,-0.4409412750359298,-0.05304352023684452,0.01818015344207139,False,2,0.0434658070388477
2025-12-10,time_hybrid_08_18,HY,3210,False,125.1411324824121,125.96477317408802,-0.8236406916759194,-0.25658588525729575,-0.6581694406446877,1.6153292724652453,True,1,0.0,2575.631132482412,2576.4547731740877,-0.8236406916757915,-0.2565858852572559,-0.03197820842000619,0.07848334023413721,True,1,0.0,485.2240071398824,487.4970884726959,-2.27308133281349,-0.708125025798595,-0.46846019557276286,0.8875582010370847,True,1,0.0,2935.7140071398826,2937.987088472695,-2.2730813328125805,-0.7081250257983117,-0.07742856856234195,0.14669839971798593,True,1,0.0,217.9254568651151,208.1455798877113,9.779876977403802,3.046690647166294,4.487716633975926,0.22260915797040767,False,1,0.0,2668.415456865115,2658.635579887711,9.779876977404001,3.0466906471663555,0.36650503399847306,0.01818015344207139,False,1,0.0
2025-12-10,history_only,HI,3210,False,125.1411324824121,125.52000673439052,-0.3788742519784165,-0.11802936198704564,-0.30275757016316374,1.6153292724652453,True,1,0.0,2575.631132482412,2576.01000673439,-0.37887425197823177,-0.11802936198698809,-0.014709957773070945,0.07848334023413721,True,1,0.0,485.2240071398824,486.196426494921,-0.9724193550385962,-0.30293437851669663,-0.20040627436602967,0.8875582010370847,True,1,0.0,2935.7140071398826,2936.686426494921,-0.9724193550382552,-0.3029343785165904,-0.0331237767941038,0.14669839971798593,True,1,0.0,217.9254568651151,215.49175885346497,2.4336980116501366,0.7581613743458369,1.1167570997253768,0.22260915797040767,False,1,0.0,2668.415456865115,2665.981758853465,2.4336980116499944,0.7581613743457927,0.09120386427790861,0.01818015344207139,False,1,0.0
2025-12-10,dynamic_forecast_balanced_oracle,OR,3210,True,125.1411324824121,126.15094425554516,-1.0098117731330518,-0.3145831068950317,-0.8069383368214087,1.6153292724652453,True,1,0.0,2575.631132482412,2576.640944255545,-1.0098117731331513,-0.3145831068950627,-0.03920638170574866,0.07848334023413721,True,1,0.0,485.2240071398824,485.89805738657583,-0.6740502466934117,-0.20998450052754258,-0.1389152714571053,0.8875582010370847,True,1,0.0,2935.7140071398826,2936.3880573865754,-0.6740502466927865,-0.2099845005273478,-0.02296035121450674,0.14669839971798593,True,1,0.0,217.9254568651151,214.51909543243036,3.406361432684747,1.061171785883099,1.5630855989408863,0.22260915797040767,False,1,0.0,2668.415456865115,2665.0090954324305,3.406361432684662,1.0611717858830723,0.12765483815202053,0.01818015344207139,False,1,0.0
2025-12-10,low_impact_dynamic_q25,LI,3210,True,125.1411324824121,126.85850296288648,-1.7173704804743721,-0.5350063802100847,-1.37234692255621,1.6153292724652453,True,1,0.0,2575.631132482412,2577.3485029628864,-1.7173704804745284,-0.5350063802101335,-0.06667765654856464,0.07848334023413721,True,1,0.0,485.2240071398824,486.7300801318017,-1.5060729919192681,-0.46918161742033276,-0.31038715516091336,0.8875582010370847,True,1,0.0,2935.7140071398826,2937.2200801318013,-1.5060729919186997,-0.4691816174201557,-0.05130176128382445,0.14669839971798593,True,1,0.0,217.9254568651151,220.0875358419704,-2.162078976855298,-0.6735448526028966,-0.9921185931910269,0.22260915797040767,False,1,0.0,2668.415456865115,2670.57753584197,-2.1620789768549002,-0.6735448526027726,-0.08102482584908031,0.01818015344207139,False,1,0.0
